<?xml version="1.0" encoding="UTF-8"?>
<configurationDescriptor version="89">
  <logicalFolder name="root" displayName="root" projectFiles="true" kind="ROOT">
    <df root="." name="pyejdb">
      <df name="src">
        <in>pyejdb.c</in>
        <in>pyejdb.h</in>
      </df>
    </df>
    <logicalFolder name="ExternalFiles"
                   displayName="Important Files"
                   projectFiles="false"
                   kind="IMPORTANT_FILES_FOLDER">
      <itemPath>Makefile</itemPath>
    </logicalFolder>
  </logicalFolder>
  <sourceFolderFilter>^(nbproject)$</sourceFolderFilter>
  <sourceRootList>
    <Elem>.</Elem>
  </sourceRootList>
  <projectmakefile>Makefile</projectmakefile>
  <confs>
    <conf name="Default" type="0">
      <toolsSet>
        <remote-sources-mode>LOCAL_SOURCES</remote-sources-mode>
        <compilerSet>default</compilerSet>
        <dependencyChecking>false</dependencyChecking>
        <rebuildPropChanged>false</rebuildPropChanged>
      </toolsSet>
      <codeAssistance>
      </codeAssistance>
      <makefileType>
        <makeTool>
          <buildCommandWorkingDir>.</buildCommandWorkingDir>
          <buildCommand>${MAKE} -f Makefile</buildCommand>
          <cleanCommand>${MAKE} -f Makefile clean</cleanCommand>
          <executablePath></executablePath>
          <cTool>
            <incDir>
              <pElem>/usr/include/python2.7</pElem>
            </incDir>
          </cTool>
          <ccTool>
            <incDir>
              <pElem>/usr/include/python2.7</pElem>
            </incDir>
          </ccTool>
        </makeTool>
      </makefileType>
      <item path="src/pyejdb.c" ex="false" tool="0" flavor2="2">
        <cTool>
        </cTool>
      </item>
      <item path="src/pyejdb.h" ex="false" tool="3" flavor2="0">
      </item>
    </conf>
  </confs>
</configurationDescriptor>
